"Planet Name","Pl. Mass","Pl. Radius","Pl. Period","Pl. Semi-axis","Pl. Ecc.","Pl. Incl.","Ang. Dist.","St. Dist","St. Spec. Type","St. Mass","St. [Fe/H]","St. Right Asc.","St. Decli.","St. Mag. V.","St. Mag. I","St. Mag. H","St. Mag. J","St. Mag. K","St. Radius",
"11 UMi b","10.5",,"516.22","1.54","0.08",,"0.012887","119.5","K4III","1.8","0.04","15 17 06","+71 49 26","5.02",,,,,"24.08",
"14 And b","4.8",,"185.84","0.83","0.0",,"0.010864","76.4","K0III","2.2","-0.24","23 31 17","+39 14 10","5.22","4.1","2.61","3.02","2.33","11",
"14 Her b","4.64",,"1773.4","2.77","0.369",,"0.153039","18.1","K0 V","0.9","0.43","16 10 23","+43 49 18","6.67",,,,,"0.708",
"16 Cyg B b","1.68",,"799.5","1.68","0.689",,"0.078468","21.41","G2.5 V","1.01","0.08","19 41 51","+50 31 03","6.2",,,,,"0.98",
"18 Del b","10.3",,"993.3","2.6","0.08",,"0.035568","73.1","G6III","2.3","-0.052","20 58 26","+10 50 21","5.52",,"3.44","4.03","3.67","8.5",
"1RXS1609 b","8","1.7",,"330",,,"2.275862","145","K7V","0.73",,"16 09 30","-21 04 58",,"10.99","9.12","9.82","8.92","1.35",
"24 Sex b","1.99",,"452.8","1.333","0.09",,"0.017821","74.8","G5","1.54","-0.03","10 23 28","-00 54 08","7.38",,,,,"4.9",
"24 Sex c","0.86",,"883","2.08","0.29",,"0.027807","74.8","G5","1.54","-0.03","10 23 28","-00 54 08","7.38",,,,,"4.9",
"2M J044144 b","7.5",,,"15",,,"0.107143","140","M8.5","0.02",,"04 41 45","+23 01 51",,,"13.72","14.2","13.16",,
"2M1207 b","4","1.5",,"46",,,"0.877863","52.4","M8","0.025",,"12 07 33","-39 32 54","20.15","15.95",,"13",,,
"30 Ari B b","9.88",,"335.1","0.995","0.289",,"0.025254","39.4","F6V","1.13","0.07","02 36 58","+24 38 53","7.1",,,,,"1.13",
"4 Uma b","7.1",,"269.3","0.87","0.432",,"0.013945","62.39","K1III","1.234","-0.25","08 40 13","+64 19 41","5.79",,,,,,
"42 Dra b","3.88",,"479.1","1.19","0.38",,"0.01223","97.3","K1.5III","0.98","-0.46","18 25 59","+65 33 49","4.83",,,,,"22.03",
"47 Uma b","2.53",,"1078","2.1","0.032",,"0.150322","13.97","G0V","1.03",,"10 59 29","+40 25 46","5.1",,,,,"1.24",
"47 Uma c","0.54",,"2391","3.6","0.098",,"0.257695","13.97","G0V","1.03",,"10 59 29","+40 25 46","5.1",,,,,"1.24",
"47 Uma d","1.64",,"14002","11.6","0.16",,"0.830351","13.97","G0V","1.03",,"10 59 29","+40 25 46","5.1",,,,,"1.24",
"51 Peg b","0.468",,"4.23077","0.052","0.0","79","0.003537","14.7","G2 IV","1.11","0.2","22 57 27","+20 46 07","5.49",,,,,"1.266",
"55 Cnc b","0.824",,"14.65162","0.115","0.014",,"0.008833","13.02","G8 V","1.03","0.29","08 52 37","+28 20 02","5.95",,,,,"1.15",
"55 Cnc c","0.169",,"44.3446","0.24","0.086",,"0.018433","13.02","G8 V","1.03","0.29","08 52 37","+28 20 02","5.95",,,,,"1.15",
"55 Cnc d","3.835",,"5218","5.77","0.025",,"0.443164","13.02","G8 V","1.03","0.29","08 52 37","+28 20 02","5.95",,,,,"1.15",
"55 Cnc e","0.024",,"2.81705","0.038","0.07",,"0.002919","13.02","G8 V","1.03","0.29","08 52 37","+28 20 02","5.95",,,,,"1.15",
"55 Cnc f","0.144",,"260","0.781","0.2",,"0.059985","13.02","G8 V","1.03","0.29","08 52 37","+28 20 02","5.95",,,,,"1.15",
"6 Lyn b","2.4",,"899","2.2","0.134",,"0.038664","56.9","K0IV","1.7","-0.13","06 30 47","+58 09 46","5.86","4.8","3.03","4.27","3.7","5.2",
"61 Vir b","0.016",,"4.215","0.050201","0.12",,"0.005892","8.52","G5V","0.95","-0.01","13 18 24","-18 18 40","4.74",,,,,"0.94",
"61 Vir c","0.0573",,"38.021","0.2175","0.14",,"0.025528","8.52","G5V","0.95","-0.01","13 18 24","-18 18 40","4.74",,,,,"0.94",
"61 Vir d","0.072",,"123.01","0.476","0.35",,"0.055869","8.52","G5V","0.95","-0.01","13 18 24","-18 18 40","4.74",,,,,"0.94",
"70 Vir b","7.44",,"116.689","0.48","0.4",,"0.021818","22","G4 V","1.1","-0.03","13 28 26","+13 47 12","5",,,,,"1.968",
"81 Cet b","5.3",,"952.7","2.5","0.206",,"0.02572","97.2","G5III","2.4","-0.06","02 37 42","-03 23 46","5.65",,"3.38","3.94","3.27","11",
"AB Pic b","13.5",,,"275",,,"6.030702","45.6","K2 V",,"-0.64","06 19 12","-58 03 15","9.16",,,,,,
"BD-082823 b","0.045",,"5.6","0.056","0.15",,"0.001327","42.2","K3V","0.74","-0.07","10 00 48","-09 31 00","9.86",,,,,,
"BD-082823 c","0.33",,"237.6","0.68","0.19",,"0.016114","42.2","K3V","0.74","-0.07","10 00 48","-09 31 00","9.86",,,,,,
"BD-10 3166 b","0.48",,"3.488","0.046","0.07",,,,"G4 V","0.99","0.5","10 58 28","-10 46 13","10.08",,,,,"1.71",
"BD-17 63 b","5.1",,"655.6","1.34","0.54",,"0.038728","34.6","K5V","0.74","-0.03","00 28 34","-16 13 35","9.62",,,,,"0.69",
"BD14 4559 b","1.47",,"268.94","0.777","0.29",,"0.01554","50","K2V","0.86","0.1","21 13 36","+14 41 22","9.63",,,,,,
"BD20 2457 b","21.42",,"379.63","1.45","0.15",,"0.00725","200","K2II","2.8","-1","10 16 45","+19 53 29","9.75",,,,,,
"BD20 2457 c","12.47",,"621.99","2.01","0.18",,"0.01005","200","K2II","2.8","-1","10 16 45","+19 53 29","9.75",,,,,,
"beta Pic b","8",,"6000","12",,,"0.621762","19.3","A6V","1.8",,"05 47 17","-51 03 59","3.86",,,,,,
"CoRoT-1 b","1.03","1.49","1.5089557","0.0254","0.0","85.1","5.5e-05","460","G0V","0.95","-0.3","06 48 19","-03 06 08","13.6",,,,,"1.11",
"CoRoT-10 b","2.75","0.97","13.2406","0.1055","0.53","88.55","0.000306","345","K1V","0.89","0.26","19 24 15","+00 44 46","15.22",,,,,"0.79",
"CoRoT-11 b","2.33","1.43","2.99433","0.0436","0.0","83.17","7.8e-05","560","F6V","1.27","-0.03","18 42 45","+05 56 16","12.94",,,,,"1.37",
"CoRoT-12 b","0.917","1.44","2.828042","0.04016","0.07","85.48","3.5e-05","1150","G2V","1.078","0.16","06 43 04","-01 17 47","15.52",,,,,"1.116",
"CoRoT-13 b","1.308","0.885","4.03519","0.051","0.0","88.02","3.9e-05","1310","G0V","1.09","0.01","06 50 53","-05 05 11","15.04",,,,,"1.01",
"CoRoT-14 b","7.6","1.09","1.51214","0.027","0.0","79.6","2e-05","1340","F9V","1.13","0.05","06 53 42","-05 32 10","16.03",,,,,"1.21",
"CoRoT-16 b","0.5","0.813","5.3534208",,,"85.82",,,"G5V",,,,,"15.64",,,,,"0.814",
"CoRoT-17 b","2.45","1.47","3.768125",,,"77.47",,,"G5V",,,,,"15.46",,,,,"2",
"CoRoT-2 b","3.31","1.465","1.7429964","0.0281","0.0","87.84","9.4e-05","300","G7V","0.97",,"19 27 07","+01 23 02","12.57",,,,,"0.902",
"CoRoT-3 b","21.66","1.01","4.2568","0.057","0.0","85.9","8.4e-05","680","F3V","1.37","-0.02","19 28 13","+00 07 19","13.3",,,,,"1.56",
"CoRoT-4 b","0.72","1.19","9.20205","0.09","0.0","90",,,"F8V","1.1","0.05","06 48 47","-00 40 22","13.7",,,,,"1.15",
"CoRoT-5 b","0.467","1.388","4.0378962","0.04947","0.09","85.83","0.000124","400","F9V","1","-0.25","06 45 07","+00 48 55","14",,,,,"1.186",
"CoRoT-6 b","2.96","1.166","8.886593","0.0855","0.1","89.07",,,"F9V","1.055","-0.2","18 44 18","+06 39 48","13.9",,,,,"1.025",
"CoRoT-7 b","0.0151","0.15","0.853585","0.0172","0.0","80.1","0.000115","150","K0V","0.93","0.03","06 43 49","-01 03 46","11.7",,,,,"0.87",
"CoRoT-7 c","0.0264",,"3.698","0.046","0.0",,"0.000307","150","K0V","0.93","0.03","06 43 49","-01 03 46","11.7",,,,,"0.87",
"CoRoT-8 b","0.22","0.57","6.21229","0.063","0.0","88.4","0.000166","380","K1V","0.88","0.3","19 26 21","+01 25 36","14.8",,,,,"0.77",
"CoRoT-9 b","0.84","1.05","95.2738","0.407","0.11","89.9","0.000885","460","G3V","0.99","-0.01","18 43 09","+06 12 15","13.7",,,,,"0.94",
"CT Cha b","17","2.2",,"440",,,"2.666667","165","K7",,,"11 04 09","-76 27 19","12.36",,,,,,
"DP Leo b","6.05",,"10230","8.19","0.39",,,,"AM Her","0.69",,"11 17 16","+17 57 41","17.5",,,,,,
"eps Eridani b","1.55",,"2502","3.39","0.702","30.1","1.059375","3.2","K2 V","0.83","-0.1","03 32 55","-09 27 29","3.73",,,,,"0.895",
"eps Tau b","7.6",,"594.9","1.93","0.151",,"0.042889","45","K0 III","2.7","0.17","04 28 37","+19 10 50","3.53",,,,,"13.7",
"Fomalhaut b","3",,"320000","115","0.11",,"14.935065","7.7","A3 V","2.06",,"22 57 39","-29 37 20","1.16",,,,,"1.82",
"gamma 1 Leo b","8.78",,"428.5","1.19","0.144",,"0.030909","38.5","K0III","1.23","-0.49","10 19 58","+19 50 29","2.01",,,,,"31.88",
"gamma Cephei b","1.6",,"902.9","2.044","0.115",,"0.148223","13.79","K2 V","1.4",,"23 39 20","+77 37 56","3.22",,,,,"6.2",
"GJ 1214 b","0.0179","0.246","1.58040482","0.014","0.27","88.8","0.001077","13","M","0.157","0.39","17 15 19","+04 57 50","14.71",,,,,"0.211",
"GJ 3021 b","3.37",,"133.71","0.49","0.511",,"0.027809","17.62","G6 V","0.9","0.2","00 16 12","-79 51 04","6.59",,,,,,
"GJ 317 b","1.2",,"692.9","0.95","0.193",,"0.103599","9.17","M3.5","0.24","-0.23","08 40 59","-23 27 23","12",,"5.9","6.41","5.59",,
"GJ 436 b","0.0737","0.365","2.6438986","0.02887","0.15","85.8","0.00283","10.2","M2.5","0.452","-0.32","11 42 11","+26 42 23","10.68",,,,,"0.464",
"GJ 674 b","0.037",,"4.6938","0.039","0.2",,"0.00859","4.54","M2.5","0.35","-0.28","17 28 40","-46 53 43","9.38",,,,,,
"GJ 676A b","4",,"1000",,,,,"16.1","M0",,,"17 30 11","-51 38 13","9.59",,,,,,
"GJ 832 b","0.64",,"3416","3.4","0.12",,"0.688259","4.94",,"0.45","-0.31","21 33 34","-49 00 32","8.67",,,,,,
"Gj 849 b","0.82",,"1890","2.35","0.06",,"0.267045","8.8","M3.5","0.36",,"22 09 40","-04 38 27","10.42",,,,,"0.52",
"Gl 179 b","0.82",,"2288","2.41","0.21",,"0.195935","12.3","M3.5","0.357","0.3","04 52 06","+06 28 36","11.96",,,,,"0.38",
"Gl 581 b","0.0492",,"5.36874","0.041","0.0",,"0.00655","6.26","M3","0.31","-0.33","15 19 26","-07 43 20","10.55",,,,,"0.38",
"Gl 581 c","0.01686",,"12.9292","0.07","0.17",,"0.011182","6.26","M3","0.31","-0.33","15 19 26","-07 43 20","10.55",,,,,"0.38",
"Gl 581 d","0.02231",,"66.8","0.22","0.38",,"0.035144","6.26","M3","0.31","-0.33","15 19 26","-07 43 20","10.55",,,,,"0.38",
"Gl 581 e","0.006104",,"3.14942","0.03","0.0",,"0.004792","6.26","M3","0.31","-0.33","15 19 26","-07 43 20","10.55",,,,,"0.38",
"Gl 649 b","0.328",,"598.3","1.135","0.3",,"0.109768","10.34","M1.5","0.54","0.08","16 58 09","+25 44 39","9.7",,,,,,
"Gl 785 b","0.068",,"74.39","0.319","0.3",,"0.035798","8.911","K1V","0.78","0.08","20 15 17","-27 01 59","6.13",,,,,"0.68",
"Gl 86 b","4.01",,"15.766","0.11","0.046",,"0.01","11","K1V","0.79","-0.24","02 10 14","-50 50 00","6.17",,,,,"0.855",
"Gliese 876 b","2.2756",,"61.1166","0.208317","0.0324","48.93","0.044323","4.7","M4 V","0.334","0.05","22 53 13","-14 15 13","10.17",,,,,"0.36",
"Gliese 876 c","0.7142",,"30.0881","0.12959","0.25591","48.07","0.027572","4.7","M4 V","0.334","0.05","22 53 13","-14 15 13","10.17",,,,,"0.36",
"Gliese 876 d","0.021",,"1.93778","0.02080665","0.207","50","0.004427","4.7","M4 V","0.334","0.05","22 53 13","-14 15 13","10.17",,,,,"0.36",
"Gliese 876 e","0.046",,"124.26","0.3343","0.055","59.5","0.071128","4.7","M4 V","0.334","0.05","22 53 13","-14 15 13","10.17",,,,,"0.36",
"GQ Lup b","21.5","1.8",,"103",,,"0.735714","140","K7eV","0.7",,"15 49 12","-35 39 03","11.4",,,,,,
"GSC 06214-00210 b","13.5",,,"320",,,"2.206897","145","M1","0.6",,"16 21 55","-20 43 07",,,,,"9.15",,
"HAT-P-1 b","0.524","1.217","4.4652934","0.05535","0.067","86.28","0.000398","139","GOV","1.133","0.13","22 57 47","+38 40 30","10.4",,,,,"1.115",
"HAT-P-11 b","0.081","0.452","4.887804","0.053","0.198","88.5","0.001395","38","K4","0.81","0.31","19 50 50","+48 04 51","9.59",,,,,"0.75",
"HAT-P-12 b","0.211","0.959","3.2130598","0.0384","0.0",,"0.000269","142.5",,"0.73","-0.29","13 57 34","+43 29 37","12.84",,,,,"0.7",
"HAT-P-13 b","0.85","1.28","2.916293","0.0426","0.0142","83.3","0.000199","214","G4","1.22","0.43","08 39 32","+47 21 07","10.62",,,,,"1.56",
"HAT-P-13 c","14.5",,"448.2","1.186","0.666",,"0.005542","214","G4","1.22","0.43","08 39 32","+47 21 07","10.62",,,,,"1.56",
"HAT-P-14 b","2.2","1.2","4.627657","0.0594","0.095","83.2","0.00029","205","F","1.386","0.11","17 20 28","+38 14 32","9.98",,,,,"1.468",
"HAT-P-15 b","1.946","1.072","10.863502","0.0964","0.19","89.1","0.000507","190","G5","1.013","0.22","04 24 60","+39 27 38","12.16",,,,,"1.08",
"HAT-P-16 b","4.193","1.289","2.77596","0.0413","0.036","86.6","0.000176","235","F8","1.218","0.17","00 38 18","+42 27 47","10.8",,,,,"1.237",
"HAT-P-17 b","0.53","1.01","10.338523","0.0882","0.346","89.2","0.00098","90","K","0.857",,"21 38 09","+30 29 19","10.54",,,,,"0.837",
"HAT-P-17 c","1.4",,"1798","2.75","0.1",,"0.030556","90","K","0.857",,"21 38 09","+30 29 19","10.54",,,,,"0.837",
"HAT-P-18 b","0.197","0.995","5.508023","0.0559","0.084","88.8","0.000337","166","K","0.77","0.1","17 05 24","+33 00 45","12.76",,,,,"0.749",
"HAT-P-19 b","0.292","1.132","4.008778","0.0466","0.067","88.2","0.000217","215","K","0.842","0.23","00 38 04","+34 42 42","12.9",,,,,"0.82",
"HAT-P-2 b","8.74","1.19","5.6334729","0.0674","0.5171","86.72","0.000571","118","F8","1.36","0.14","16 20 36","+41 02 53","8.71",,,,,"1.64",
"HAT-P-20 b","7.246","0.867","2.875317","0.0361",,,,,,,,,,,,,,,,
"HAT-P-21 b","4.063","1.024","4.124461","0.0494",,,,,,,,,,,,,,,,
"HAT-P-22 b","2.147","1.08","3.21222","0.0414",,,,,,,,,,,,,,,,
"HAT-P-23 b","2.09","1.368","1.212884","0.0232",,,,,,,,,,,,,,,,
"HAT-P-24 b","0.685","1.242","3.35524","0.0465","0.067","88.6","0.000152","306",,"1.191","-0.16","07 15 18","+14 15 44","11.82",,,,,"1.317",
"HAT-P-25 b","0.567","1.19","3.652836","0.0466","0.032","87.6","0.000157","297","G5","1.01","0.31","03 13 45","+25 11 51","13.19",,,,,"0.959",
"HAT-P-26 b","0.059","0.565","4.234516","0.0479","0.124","88.6","0.000357","134","K1","0.816","-0.04",,,"11.74",,,,,"0.788",
"HAT-P-3 b","0.599","0.89","2.899703","0.03894","0.0","87.24","0.000278","140","K","0.936","0.27","13 44 23","+48 01 43","11.86",,"9.542","9.936","9.448","0.824",
"HAT-P-4 b","0.68","1.27","3.0565114","0.0446","0.0","89.67","0.000144","310","F","1.26","0.24","15 19 58","+36 13 47","11.2",,,,,"1.59",
"HAT-P-5 b","1.06","1.26","2.788491","0.04075","0.0","86.75","0.00012","340",,"1.16","0.24","18 17 37","+36 37 18","12","11.3",,,,"1.167",
"HAT-P-6 b","1.057","1.33","3.852985","0.05235","0.0","85.51","0.000262","200","F","1.29","-0.13","23 39 06","+42 27 58","10.5","10.6",,,,"1.46",
"HAT-P-7 b","1.8","1.421","2.2047298","0.0379","0.0","84.1","0.000118","320",,"1.47","0.26","19 28 59","+47 58 10","10.5",,,,,"1.84",
"HAT-P-8 b","1.52","1.5","3.07632","0.0487","0.0","87.8","0.000212","230",,"1.28","0.01","22 52 10","+35 26 50","10.17",,,,,"1.58",
"HAT-P-9 b","0.78","1.4","3.922814","0.053","0.0","86.5","0.00011","480","F","1.28","0.12","07 20 40","+37 08 26",,,"11.04","11.27","11.02","1.32",
"HD 100777 b","1.16",,"383.7","1.03","0.36",,"0.019508","52.8","K0","1","0.27","11 35 52","-04 45 21","8.42",,,,,,
"HD 10180 c","0.041217",,"5.75979","0.0641","0.045",,"0.001603","40","G1V",,"0.08","01 37 54","-60 30 42","7.33",,,,,,
"HD 10180 d","0.03696945",,"16.3579","0.1286","0.088",,"0.003215","40","G1V",,"0.08","01 37 54","-60 30 42","7.33",,,,,,
"HD 10180 e","0.07897304",,"49.745","0.2699","0.026",,"0.006748","40","G1V",,"0.08","01 37 54","-60 30 42","7.33",,,,,,
"HD 10180 f","0.07519743",,"122.76","0.4929","0.135",,"0.012323","40","G1V",,"0.08","01 37 54","-60 30 42","7.33",,,,,,
"HD 10180 g","0.06733159",,"601.2","1.422","0.19",,"0.03555","40","G1V",,"0.08","01 37 54","-60 30 42","7.33",,,,,,
"HD 10180 h","0.202624",,"2222","3.4","0.08",,"0.085","40","G1V",,"0.08","01 37 54","-60 30 42","7.33",,,,,,
"HD 101930 b","0.3",,"70.46","0.302","0.11",,"0.01","30.49","K1 V","0.74","0.17","11 43 30","-58 00 24","8.21",,,,,,
"HD 102117 b","0.172",,"20.67","0.1532","0.106",,"0.003648","42","G6V","0.95","0.18","11 44 50","-58 42 13","7.47",,,,,"1.27",
"HD 102195 b","0.45",,"4.113775","0.049","0.0",,"0.001691","28.98","K0V","0.926","0.05","11 45 42","+02 49 17","8.05",,,,,"0.835",
"HD 102272 b","5.9",,"127.58","0.614","0.05",,"0.001706","360","K0","1.9","0.26","11 46 24","+14 07 26","8.71",,"6.4","6.9","6.26","10.1",
"HD 102272 c","2.6",,"520","1.57","0.68",,"0.004361","360","K0","1.9","0.26","11 46 24","+14 07 26","8.71",,"6.4","6.9","6.26","10.1",
"HD 102956 b","0.96",,"6.495","0.081","0.048",,"0.000643","126","A","1.68","0.19","11 51 23","+57 38 27","8",,,,,"4.4",
"HD 103197 b","0.098",,"47.84","0.249","0.0",,"0.005051","49.3","K1V","0.9","0.21","11 52 53","-50 17 34","9.41",,,,,,
"HD 104067 b","0.16",,"55.8",,,,,"20.8","K2V","0.79","-0.06","11 59 10","-20 21 14","7.93",,,,,,
"HD 104985 b","6.3",,"198.2","0.78","0.03",,"0.008","102","G9 III","1.5","-0.35","12 05 15","+76 54 20","5.79",,,,,"10.87",
"HD 106252 b","6.81",,"1500","2.61","0.54",,"0.069712","37.44","G0","1.05","-0.16","12 13 29","+10 02 29","7.36",,,,,"1.09",
"HD 10647 b","0.93",,"1003","2.03","0.1",,"0.117341","17.3","F8V","1.07","-0.03","01 42 29","-53 44 27","5.52",,,,,"1.1",
"HD 10697 b","6.38",,"1076.4","2.16","0.1","69","0.066339","32.56","G5 IV","1.15","0.1","01 44 55","+20 04 59","6.29",,,,,"1.72",
"HD 107148 b","0.21",,"48.056","0.269","0.05",,"0.005244","51.3","G5","1.12","0.314","12 19 13","-03 19 11","8.01",,,,,,
"HD 108147 b","0.261",,"10.8985","0.102","0.53",,"0.002645","38.57","F8/G0 V","1.27","0.2","12 25 46","-64 01 19","6.99",,,,,"1.22",
"HD 108874 b","1.36",,"395.4","1.051","0.07",,"0.015343","68.5","G5","1","0.14","12 30 26","+22 52 47","8.76",,,,,"1.22",
"HD 108874 c","1.018",,"1605.8","2.68","0.25",,"0.039124","68.5","G5","1","0.14","12 30 26","+22 52 47","8.76",,,,,"1.22",
"HD 109246 b","0.77",,"68.27","0.33","0.12",,"0.00503","65.6","GOV","1.01","0.1","12 32 07","+74 29 22","8.77",,,,,"1.02",
"HD 109749 b","0.28",,"5.24","0.0635","0.01",,"0.001076","59","G3 IV","1.2","0.25","12 37 16","-40 48 43","8.1",,,,,,
"HD 110014 b","11.09",,"835.477","2.14","0.462",,"0.023778","90","K2III","2.17","0.19","12 39 14","-07 59 44","4.66",,,,,"20.9",
"HD 111232 b","6.8",,"1143","1.97","0.2",,"0.068","29","G8V","0.78","-0.36","12 48 51","-68 25 30","7.61",,,,,,
"HD 114386 b","1.24",,"937","1.65","0.23",,"0.058929","28","K3 V","0.75",,"13 10 39","-35 03 17","8.73",,,,,"0.76",
"HD 114729 b","0.82",,"1131.478","2.08","0.31",,"0.059","35","G3 V","0.93","-0.22","13 12 44","-31 52 24","6.69",,,,,"1.46",
"HD 114762 b","11.02",,"83.89","0.3","0.34",,"0.007603","39.46","F9V","0.84","-0.71","13 12 19","+17 31 01","7.3",,,,,"1.24",
"HD 114783 b","0.99",,"501","1.2","0.1",,"0.055","22","K0","0.92","0.33","13 12 43","-02 15 54","7.57",,,,,"0.78",
"HD 11506 b","3.44",,"1270","2.43","0.22",,"0.045151","53.82","G0V","1.19","0.31","01 52 51","-19 30 25","7.51",,,,,"1.38",
"HD 11506 c","0.82",,"170.46","0.639","0.42",,"0.011873","53.82","G0V","1.19","0.31","01 52 51","-19 30 25","7.51",,,,,"1.38",
"HD 117207 b","2.06",,"2627.08","3.78","0.16",,"0.115","33","G8VI/V","1.07","0.27","13 29 21","-35 34 15","7.26",,,,,"1.09",
"HD 117618 b","0.178",,"25.827","0.176","0.42",,"0.004632","38","G2V","1.05","0.04","13 32 25","-47 16 16","7.18",,,,,"1.19",
"HD 118203 b","2.13",,"6.1335","0.07","0.309",,"0.00079","88.6","K0","1.23","0.1","13 34 02","+53 43 42","8.05",,,,,,
"HD 11964 b","0.11",,"37.82","0.229","0.15",,"0.006739","33.98","G5","1.125","0.17","01 57 09","-10 14 32","6.42",,,,,"2.18",
"HD 11964 c","0.61",,"2110","3.34","0.06",,"0.098293","33.98","G5","1.125","0.17","01 57 09","-10 14 32","6.42",,,,,"2.18",
"HD 11977 b","6.54",,"711","1.93","0.4",,"0.029023","66.5","G8.5 III","1.91","-0.21","01 54 56","-67 38 50","4.7",,,,,"13",
"HD 121504 b","1.22",,"63.33","0.33","0.03",,"0.007437","44.37","G2 V","1","0.16","13 57 17","-56 02 24","7.54",,,,,,
"HD 122430 b","3.71",,"344.95","1.02","0.68",,"0.007556","135"," K3III","1.39","-0.05","14 02 22","-27 25 47","5.48",,,,,"22.9",
"HD 125595 b","0.045",,"9.67",,,,,"27.4","K4V","0.76","0.02","14 21 23","-40 23 38","9.03",,,,,,
"HD 125612 b","3.2",,"502","1.2","0.39",,"0.022719","52.82","G3V","1.1","0.24","14 20 54","-17 28 53","8.31",,,,,"1.05",
"HD 125612 c","0.067",,"4.1547",,,,,"52.82","G3V","1.1","0.24","14 20 54","-17 28 53","8.31",,,,,"1.05",
"HD 125612 d","7.1",,"4613",,,,,"52.82","G3V","1.1","0.24","14 20 54","-17 28 53","8.31",,,,,"1.05",
"HD 12661 b","2.3",,"263.6","0.83","0.35",,"0.022","37.16","G6 V","1.07","0.293","02 04 34","+25 24 51","7.44",,,,,"1.12",
"HD 12661 c","1.57",,"1708","2.56","0.031",,"0.068891","37.16","G6 V","1.07","0.293","02 04 34","+25 24 51","7.44",,,,,"1.12",
"HD 126614 b","0.38",,"1244","2.35","0.41",,"0.032459","72.4","K0","1.145","0.56","14 26 48","-05 10 40","8.81",,,,,"1.09",
"HD 128311 b","2.18",,"448.6","1.099","0.25",,"0.066205","16.6","K0","0.8","0.08","14 36 00","+09 44 47","7.51",,,,,"0.73",
"HD 128311 c","3.21",,"919","1.76","0.17",,"0.106024","16.6","K0","0.8","0.08","14 36 00","+09 44 47","7.51",,,,,"0.73",
"HD 129445 b","1.6",,"1840","2.9","0.7",,"0.042893","67.61","G8V","0.99","0.25","14 46 03","-68 45 45","8.8",,,,,,
"HD 130322 b","1.08",,"10.724","0.088","0.048","76","0.002933","30","K0 V","0.79","-0.02","14 47 32","-00 16 53","8.05",,,,,"0.83",
"HD 131664 b","18.15",,"1951","3.17","0.638",,"0.057189","55.43","G3V","1.1","0.32","15 00 06","-73 32 07","8.13",,,,,"1.16",
"HD 13189 b","14",,"471.6","1.85","0.28",,"0.01","185","K2 II","4.5",,"02 09 40","+32 18 59","7.57",,,,,"50.39",
"HD 132406 b","5.61",,"974","1.98","0.34",,"0.027887","71","G0V","1.09","0.18","14 56 55","+53 22 56","8.45",,,,,,
"HD 134987 b","1.59",,"258.19","0.81","0.233",,"0.0324","25","G5 V","1.05","0.23","15 13 28","-25 18 33","6.45",,,,,"1.2",
"HD 134987 c","0.82",,"5000","5.8","0.12",,"0.232","25","G5 V","1.05","0.23","15 13 28","-25 18 33","6.45",,,,,"1.2",
"HD 136418 b","2",,"464.3","1.32","0.255",,"0.013442","98.2","G5","1.33","-0.07","15 19 07","+41 43 60","7.88",,,,,"3.4",
"HD 13931 b","1.88",,"4218","5.15","0.02",,"0.116516","44.2","G0","1.02","0.03","02 16 47","+43 46 23","7.61",,,,,"1.23",
"HD 139357 b","9.76",,"1125.7","2.36","0.1",,"0.01944","121.4","K4III","1.35","-0.13","15 35 16","+53 55 20","5.98",,,,,"11.47",
"HD 141937 b","9.7",,"653.22","1.52","0.41",,"0.045","33.46","G2/G3 V","1","0.16","15 52 17","-18 26 09","7.25",,,,,"1.06",
"HD 142 b","1.03",,"339","1","0.37",,"0.048544","20.6","G1 IV","1.1","0.04","00 06 19","-49 04 30","5.7",,,,,"0.86",
"HD 142022 A b","4.4",,"1923","2.8","0.57",,"0.078","35.87","K0 V","0.99","0.19","16 10 15","-84 13 53","7.7",,,,,"0.705",
"HD 142415 b","1.62",,"386.3","1.05","0.5",,"0.031","34.2","G1 V","1.09","0.21","15 57 40","-60 12 00","7.34",,,,,"1.03",
"HD 143361 b","3.12",,"1057","2","0.15",,"0.033698","59.35","G0V","0.95","0.29","16 01 50","-44 26 04","9.2",,,,,,
"HD 145377 b","5.76",,"103.95","0.45","0.307",,"0.007799","57.7","G3V","1.12","0.12","16 11 36","-27 04 41","8.12",,,,,"1.14",
"HD 145457 b","2.9",,"176.3","0.76","0.112",,"0.006032","126","K0","1.9","-0.14","16 10 04","+26 44 34","6.57",,,,,"9.9",
"HD 1461 b","0.0239",,"5.7727","0.063438","0.14",,"0.002711","23.4","G0V","1.08","0.19","00 18 42","-08 03 11","6.64",,,,,"1.095",
"HD 147018 b","2.12",,"44.236","0.2388","0.4686",,"0.005559","42.96","G9V","0.927","0.1","16 23 00","-61 41 20","8.3",,,,,,
"HD 147018 c","6.56",,"1008","1.922","0.133",,"0.044739","42.96","G9V","0.927","0.1","16 23 00","-61 41 20","8.3",,,,,,
"HD 147513 b","1",,"540.4","1.26","0.52",,"0.098","12.9","G3/G5V","0.92","-0.03","16 24 01","-39 11 34","5.37",,,,,"1",
"HD 148156 b","0.85",,"1010","2.45","0.52",,"0.046183","53.05","G1V","1.22","0.29","16 28 17","-46 19 03","7.71",,,,,,
"HD 148427 b","0.96",,"331.5","0.93","0.16",,"0.015683","59.3","K0IV","1.45","0.154","16 28 28","-13 23 59","6.89",,,,,"3.22",
"HD 149026 b","0.356","0.61","2.8758887","0.04288","0.0","85.3","0.000543","78.9","G0 IV","1.3","0.36","16 30 29","+38 20 50","8.15",,,,,"1.497",
"HD 149143 b","1.33",,"4.072","0.053","0.016",,"0.000841","63","G0 IV","1.21","0.26","16 32 51","+02 05 05","7.9",,,,,,
"HD 149382 b","15.5",,"2.391",,"0.0","39",,"74","B5 D","0.41",,"16 34 23","-04 00 52","8.95",,,,,,
"HD 152079 b","3",,"2097","3.2","0.6",,"0.037572","85.17","G6V","1.023","0.16","16 53 30","-46 19 51","9.18",,,,,,
"HD 153950 b","2.73",,"499.4","1.28","0.34",,"0.025806","49.6","F8V","1.12","-0.01","17 04 31","-43 18 35","7.39",,,,,"1.34",
"HD 154345 b","0.947",,"3340","4.19","0.044","50","0.232004","18.06","G8V","0.88","-0.105","17 02 36","+47 04 55","6.74",,,,,,
"HD 154672 b","5.02",,"163.91","0.6","0.61",,"0.009119","65.8","G3IV","1.06","0.26","17 10 05","-56 26 57","8.22",,"6.7","7.01","6.61","1.27",
"HD 154857 b","1.8",,"409","1.2","0.47",,"0.017518","68.5","G5V","1.17","-0.23","17 11 15","-56 40 50","7.25",,,,,"2.42",
"HD 155358 b","0.89",,"195","0.628","0.112",,"0.014707","42.7","G0","0.87","-0.68","17 09 35","+33 21 21","7.5",,,,,,
"HD 155358 c","0.504",,"530.3","1.224","0.176",,"0.028665","42.7","G0","0.87","-0.68","17 09 35","+33 21 21","7.5",,,,,,
"HD 156411 b","0.74",,"842.2","1.88","0.22",,"0.03412","55.1","F8","1.25","-0.12","17 19 51","-48 32 58","6.67",,,,,,
"HD 156668 b","0.0131",,"4.646","0.05","0.0",,"0.002075","24.1","K2",,,"17 17 40","+29 13 38","8.42",,,,,,
"HD 156846 b","10.45",,"359.51","0.99","0.8472",,"0.020204","49","G0V","1.43","0.22","17 20 34","-19 20 01","6.51",,,,,,
"HD 159868 b","1.7",,"986","2","0.69",,"0.037951","52.7","G5V","1.09",,"17 38 60","-43 08 44","7.24",,,,,,
"HD 16141 b","0.23",,"75.56","0.35","0.21",,"0.01","35.9","G5 IV","1","0.22","02 35 19","-03 33 38","6.78",,,,,"1",
"HD 16175 b","4.4",,"990","2.1","0.59",,"0.035117","59.8","G0","1.35","0.23","02 37 02","+42 03 45","7.28",,"5.92","6.17","5.85","1.87",
"HD 162020 b","13.75",,"8.428198","0.072","0.277",,"0.002","31.26","K2 V","0.8","0.01","17 50 38","-40 19 06","9.18",,,,,"0.71",
"HD 16417 b","0.069",,"17.24","0.14","0.2",,"0.00549","25.5","G1V","1.18","0.19","02 36 59","-34 34 41","5.78",,,,,,
"HD 164604 b","2.7",,"606.4","1.13","0.24",,"0.029737","38","K2V","0.8","-0.18","18 03 07","-28 33 38","9.7",,,,,,
"HD 164922 b","0.36",,"1155","2.11","0.05",,"0.096215","21.93","K0V","0.94","0.17","18 02 30","+26 18 46","7.01",,,,,"0.9",
"HD 167042 b","1.6",,"416.1","1.3","0.03",,"0.026","50","K1III","1.64","0.05","18 10 32","+54 17 12","5.97",,"3.56","3.93","3.55","4.3",
"HD 16760 b","14.3",,"465.1","1.13","0.067",,"0.0226","50","G5V","0.88","-0.02","02 42 21","+38 37 07","8.74",,,,,,
"HD 168443 b","8.02",,"58.11289","0.3","0.5286",,"0.00792","37.88","G5","1.06","0.03","18 20 04","-09 35 34","6.92",,,,,"1.63",
"HD 168443 c","18.1",,"1765.8","2.91","0.2125",,"0.076822","37.88","G5","1.06","0.03","18 20 04","-09 35 34","6.92",,,,,"1.63",
"HD 168746 b","0.23",,"6.403","0.065","0.081",,"0.002","43.12","G5","0.92","-0.07","18 21 49","-11 55 21","7.95",,,,,"1.12",
"HD 169830 b","2.88",,"225.62","0.81","0.31",,"0.022302","36.32","F8 V","1.4","0.21","18 27 49","-29 49 00","5.9",,,,,"1.84",
"HD 169830 c","4.04",,"2102","3.6","0.33",,"0.099119","36.32","F8 V","1.4","0.21","18 27 49","-29 49 00","5.9",,,,,"1.84",
"HD 170469 b","0.67",,"1145","2.24","0.11",,"0.034477","64.97","G5IV","1.14","0.3","18 29 11","+11 41 44","8.21",,,,,"1.22",
"HD 17092 b","4.6",,"359.9","1.29","0.166",,"0.011835","109",,"2.3","0.18","02 46 22","+49 39 11","7.73",,,,,,
"HD 171028 b","1.98",,"550","1.32","0.59",,"0.014667","90","G0","0.99","-0.49","18 32 15","+06 56 45","8.31",,,,,"1.95",
"HD 171238 b","2.6",,"1523","2.54","0.4",,"0.050517","50.28","KOV","0.943","0.17","18 34 44","-28 04 20","8.66",,,,,,
"HD 17156 b","3.191","1.095","21.2163979","0.1623","0.6768","86.49","0.002074","78.24","G0","1.275","0.24","02 49 44","+71 45 12","8.17",,,,,"1.508",
"HD 173416 b","2.7",,"323.6","1.16","0.21",,"0.008593","135","G8","2",,"18 43 36","+36 33 24","6.06",,,,,"13.5",
"HD 175167 b","7.8",,"1290","2.4","0.54",,"0.03581","67.02","G5 IV/V","1.102","0.19","19 00 01","-69 56 39","9.18",,,,,,
"HD 175541 b","0.61",,"297.3","1.03","0.33",,"0.008047","128","G8IV","1.65","-0.07","18 55 41","+04 15 55","8.03",,,,,"3.85",
"HD 176051 b","1.5",,"1016","1.76","0.0",,"0.110069","15.99",,,,"18 57 02","+32 54 05","5.22",,,,,,
"HD 177830 b","1.28",,"391","1","0.43",,"0.017","59","K0IV","1.47","0.55","19 05 20","+25 55 14","7.18",,,,,"2.99",
"HD 177830 c","0.15",,"110.9","0.5137","0.3495",,"0.008707","59","K0IV","1.47","0.55","19 05 20","+25 55 14","7.18",,,,,"2.99",
"HD 178911 B b","6.292",,"71.487","0.32","0.1243",,"0.007","46.73","G5","1.07","0.28","19 09 03","+34 35 59","7.98",,,,,"1.14",
"HD 179079 b","0.08",,"14.476","0.11","0.115",,"0.001727","63.69","G5IV","1.087","0.29","19 11 10","-02 38 18","7.95",,,,,"1.48",
"HD 179949 b","0.95",,"3.0925","0.045","0.022",,"0.001667","27","F8 V","1.28","0.22","19 15 33","-24 10 45","6.25",,,,,"1.19",
"HD 180902 b","1.6",,"479","1.39","0.09",,"0.012636","110","K0III/IV","1.52","0.04","19 19 18","-23 33 29","7.78",,,,,"4.1",
"HD 181342 b","3.3",,"663","1.78","0.177",,"0.016094","110.6","K0III","1.84","0.26","19 21 04","-23 37 10","7.55",,,,,"4.6",
"HD 181433 b","0.0238",,"9.3743","0.08","0.396",,"0.003059","26.15","K3IV","0.78","0.33","19 25 10","-66 28 08","8.38",,"6.24","6.66","6.09",,
"HD 181433 c","0.64",,"962","1.76","0.28",,"0.067304","26.15","K3IV","0.78","0.33","19 25 10","-66 28 08","8.38",,"6.24","6.66","6.09",,
"HD 181433 d","0.54",,"2172","3","0.48",,"0.114723","26.15","K3IV","0.78","0.33","19 25 10","-66 28 08","8.38",,"6.24","6.66","6.09",,
"HD 181720 b","0.37",,"956","1.78","0.26",,"0.031786","56","G1V","0.92","-0.53","19 22 53","-32 55 09","7.86",,,,,,
"HD 183263 b","3.69",,"634.23","1.52","0.38",,"0.028679","53","G2IV","1.17","0.3","19 28 24","+08 21 28","7.86",,,,,"1.21",
"HD 183263 c","3.82",,"2950","4.25","0.253",,"0.080189","53","G2IV","1.17","0.3","19 28 24","+08 21 28","7.86",,,,,"1.21",
"HD 185269 b","0.94",,"6.838","0.077","0.3",,"0.001638","47","G0IV","1.28","0.11","19 37 12","+28 30 00","6.67",,,,,"1.88",
"HD 187085 b","0.75",,"986","2.05","0.47",,"0.045576","44.98","G0 V","1.22","0.05","19 49 33","-37 46 50","7.22",,,,,,
"HD 187123 b","0.52",,"3.097","0.042","0.03",,"0.00084","50","G5","1.06","0.16","19 46 57","+34 25 15","7.86",,,,,"1.17",
"HD 187123 c","1.99",,"3810","4.89","0.252",,"0.0978","50","G5","1.06","0.16","19 46 57","+34 25 15","7.86",,,,,"1.17",
"HD 188015 b","1.26",,"456.46","1.19","0.15",,"0.023","52.6","G5IV","1.09","0.29","19 52 04","+28 06 01","8.22",,,,,"1.1",
"HD 189733 b","1.15","1.151","2.2185733","0.03142","0.0","85.76","0.001628","19.3","K1-K2","0.8","-0.03","20 00 43","+22 42 39","7.67",,,,,"0.788",
"HD 190360 b","1.502",,"2891","3.92","0.36",,"0.246696","15.89","G6 IV","1.04","0.24","20 03 37","+29 53 48","5.71",,,,,"1.2",
"HD 190360 c","0.057",,"17.1","0.128","0.01",,"0.008055","15.89","G6 IV","1.04","0.24","20 03 37","+29 53 48","5.71",,,,,"1.2",
"HD 190647 b","1.9",,"1038.1","2.07","0.18",,"0.038192","54.2","G5","1.1","0.24","20 07 20","-35 32 19","7.78",,,,,,
"HD 190984 b","3.1",,"4885","5.5","0.57",,"0.053398","103","F8V","0.91","-0.48","20 11 31","-64 37 14","8.76",,,,,"1.53",
"HD 192263 b","0.72",,"24.348","0.15","0.0",,"0.007538","19.9","K2 V","0.81","-0.2","20 13 59","-00 52 00","7.79",,,,,"0.75",
"HD 192699 b","2.5",,"351.5","1.16","0.149",,"0.017313","67","G8IV","1.68","-0.15","20 16 06","+04 34 51","6.44",,,,,"4.25",
"HD 195019 b","3.7",,"18.20163","0.1388","0.014",,"0.003715","37.36","G3 IV-V","1.06","0.08","20 28 17","+18 46 12","6.91",,,,,"1.38",
"HD 196050 b","3",,"1289","2.5","0.28",,"0.053305","46.9","G3 V","1.17",,"20 37 51","-60 38 04","7.5",,,,,"1.29",
"HD 196885 b","2.58",,"1333","2.37","0.462",,"0.071818","33","F8V","1.33","0.29","20 39 51","+11 14 58","6.4",,,,,"1.79",
"HD 19994 b","1.68",,"535.7","1.42","0.3",,"0.06345","22.38","F8 V","1.35","0.23","03 12 46","-01 11 45","5.07",,,,,"1.93",
"HD 200964 b","1.85",,"613.8","1.601","0.04",,"0.023406","68.4","KO","1.44","-0.15","21 06 40","+03 48 11","6.64",,,,,"4.3",
"HD 200964 c","0.9",,"825","1.95","0.181",,"0.028509","68.4","KO","1.44","-0.15","21 06 40","+03 48 11","6.64",,,,,"4.3",
"HD 202206 b","17.4",,"255.87","0.83","0.435",,"0.018","46.34","G6 V","1.13","0.37","21 14 57","-20 47 21","8.08",,,,,"1.02",
"HD 202206 c","2.44",,"1383.4","2.55","0.267",,"0.055","46.34","G6 V","1.13","0.37","21 14 57","-20 47 21","8.08",,,,,"1.02",
"HD 20367 b","1.07",,"500","1.25","0.23",,"0.046296","27","G0","1.04","0.1","03 17 40","+31 07 37","6.41",,,,,"1.18",
"HD 2039 b","4.9",,"1183","2.2","0.67",,"0.024499","89.8","G2/G3 IV-V","0.98","0.1","00 24 20","-56 39 00","9.01",,,,,"1.21",
"HD 204313 b","4.05",,"1931","3.082","0.131",,"0.065062","47.37","G5V","1.045","0.18","21 28 12","-21 43 35","7.99",,,,,,
"HD 205739 b","1.37",,"279.8","0.896","0.27",,"0.009922","90.3","F7V","1.22","0.19","21 38 08","-31 44 15","8.56",,"7.35","7.59","7.23","1.33",
"HD 206610 b","2.2",,"610","1.68","0.229",,"0.00866","194","K0","1.56","0.14","21 43 25","-07 24 30","8.34",,,,,"6.1",
"HD 20782 b","1.9",,"591.9","1.381","0.97",,"0.03834","36.02","G2 V","1","-0.05","03 20 03","-28 51 14","7.38",,,,,,
"HD 208487 b","0.45",,"123","0.49","0.32",,"0.010889","45","G2V","1.3","-0.06","21 57 19","-37 45 49","7.48",,,,,"1.15",
"HD 20868 b","1.99",,"380.85","0.947","0.75",,"0.019366","48.9","K3/4IV","0.78","0.04","03 20 43","-33 43 48","9.92",,,,,"0.79",
"HD 209458 b","0.64","1.38","3.52474859","0.04747","0.07","86.677","0.00101","47","G0 V","1","0.04","22 03 10","+18 53 04","7.65",,,,,"1.146",
"HD 210277 b","1.23",,"442.1","1.1","0.472",,"0.051667","21.29","G0","1.09","0.19","22 09 29","-07 32 32","6.63",,,,,"1.1",
"HD 210702 b","2",,"341.1","1.17","0.152",,"0.020893","56","K1III","1.85","0.12","22 11 51","+16 02 26","5.93",,,,,"4.72",
"HD 212301 b","0.45",,"2.457","0.036","0.0",,"0.000683","52.7","F8 V","1.05","0.18","22 27 30","-77 43 04","7.77",,,,,,
"HD 212771 b","2.3",,"373.3","1.22","0.111",,"0.009313","131","G8IV","1.15","-0.21","22 27 03","-17 15 49","7.6",,,,,"5",
"HD 213240 b","4.5",,"951","2.03","0.45",,"0.05","40.75","G4 IV","1.22","0.23","22 31 00","-49 25 59","6.8",,,,,"1.5",
"HD 215497 b","0.017",,"3.93",,,,,"43.5","K3V","0.87","0.23","22 46 37","-56 35 58","8.97",,,,,,
"HD 215497 c","0.33",,"567",,,,,"43.5","K3V","0.87","0.23","22 46 37","-56 35 58","8.97",,,,,,
"HD 216435 b","1.26",,"1311","2.56","0.07",,"0.076877","33.3","G0 V","1.25","0.15","22 53 37","-48 35 53","6.03",,,,,"2",
"HD 216437 b","2.1",,"1294","2.7","0.34",,"0.102","26.5","G4 IV-V","1.07",,"22 54 39","-70 04 25","6.06",,,,,"1.1",
"HD 216770 b","0.65",,"118.45","0.46","0.37",,"0.012","38","K1 V","0.9","0.23","22 55 53","-26 39 31","8.1",,,,,"1",
"HD 217107 b","1.33",,"7.12689","0.073","0.132",,"0.003702","19.72","G8 IV","1.02","0.37","22 58 15","-02 23 42","6.16",,,,,"1.08",
"HD 217107 c","2.49",,"4210","5.27","0.517",,"0.267241","19.72","G8 IV","1.02","0.37","22 58 15","-02 23 42","6.16",,,,,"1.08",
"HD 218566 b","0.21",,"225.7","0.6873","0.3",,"0.022956","29.94","K3V","0.85","0.38","23 09 11","-02 15 39","8.63",,,,,"0.86",
"HD 219449 b","2.9",,"182","0.3",,,"0.006667","45","K0 III",,"-0.085","23 15 53","-09 05 15","4.21",,,,,,
"HD 219828 b","0.066",,"3.8335","0.052","0.0",,"0.000641","81.1","G0IV","1.24","0.19","23 18 47","+18 38 45","8.04",,,,,"1.7",
"HD 221287 b","3.09",,"456.1","1.25","0.08",,"0.023629","52.9","F7 V","1.25","0.03","23 31 20","-58 12 35","7.82",,,,,,
"HD 222582 b","7.75",,"572.38","1.35","0.725",,"0.032143","42","G5","1","-0.01","23 41 51","-05 59 08","7.7",,,,,"1.15",
"HD 224693 b","0.71",,"26.73","0.233","0.05",,"0.002479","94","G2IV","1.33","0.343","23 59 54","-22 25 41","8.23",,,,,"1.7",
"HD 23079 b","2.61",,"738.459","1.65","0.1",,"0.047","34.8","F8/G0 V","1.1","-0.24","03 39 43","-52 54 57","7.1",,,,,"1.13",
"HD 23127 b","1.5",,"1214","2.4","0.44",,"0.026936","89.1","G2V","1.13","0.34","03 39 24","-60 04 40","8.58",,,,,,
"HD 231701 b","1.08",,"141.6","0.53","0.1",,"0.004889","108.4","F8V","1.14","0.07","19 32 04","+16 28 27","8.97",,,,,"1.35",
"HD 23596 b","7.19",,"1558","2.72","0.314",,"0.052","52","F8","1.27","0.32","03 48 00","+40 31 50","7.24",,,,,"2.09",
"HD 240210 b","6.9",,"501.75","1.33","0.15",,"0.009301","143","K3III","1.25","-0.18","23 10 29","+57 01 46","8.33",,,,,,
"HD 2638 b","0.48",,"3.4442","0.044","0.0",,"0.000819","53.71","G5","0.93","0.16","00 29 59","-05 45 50","9.44",,,,,,
"HD 27442 b","1.28",,"423.841","1.18","0.07",,"0.065193","18.1","K2 IV a","1.2","0.2","04 16 29","-59 18 07","4.44",,,,,"6.6",
"HD 27894 b","0.62",,"17.991","0.122","0.049",,"0.002879","42.37","K2 V","0.75","0.3","04 20 47","-59 24 39","9.36",,,,,,
"HD 28185 b","5.7",,"383","1.03","0.07",,"0.026","39.4","G5","1.24","0.24","04 26 26","-10 33 02","7.81",,,,,"1.03",
"HD 28254 b","1.16",,"1116","2.15","0.81",,"0.038256","56.2","G5V","1.06","0.36","04 24 51","-50 37 20","7.71",,,,,,
"HD 285968 b","0.0265",,"8.7836","0.066","0.0",,"0.007021","9.4","M2.5V","0.49","-0.1","04 42 56","+18 57 29","9.97",,"5.824","6.462","5.607","0.53",
"HD 290327 b","2.54",,"2443","3.43","0.08",,"0.062477","54.9","G5IV","0.9","-0.11","05 23 22","-02 16 39","8.96",,,,,,
"HD 30177 b","9.17",,"2819.654","3.86","0.3",,"0.07","55","G8 V","0.95","0.25","04 41 54","-58 01 14","8.41",,,,,"1.12",
"HD 30562 b","1.29",,"1157","2.3","0.76",,"0.086792","26.5","F8V","1.219","0.243","04 48 36","-05 40 27","5.77",,,,,"1.637",
"HD 31253 b","0.5",,"466","1.26","0.3",,"0.023411","53.82","F8","1.23","0.16","04 54 44","+12 21 08","7.13",,,,,"1.71",
"HD 32518 b","3.04",,"157.54","0.59","0.01",,"0.005026","117.4","K1III","1.13","-0.15","05 09 37","+69 38 22","6.44",,,,,"10.22",
"HD 330075 b","0.76",,"3.369","0.043","0.0",,"0.000857","50.2","G5","0.95","0.03","15 49 37","-49 57 48","9.36",,,,,,
"HD 33283 b","0.33",,"18.179","0.168","0.48",,"0.001953","86","G3V","1.24","0.366","05 08 01","-26 47 50","8.05",,,,,"1.2",
"HD 33564 b","9.1",,"388","1.1","0.34",,"0.052431","20.98","F6 V","1.25","-0.12","05 22 33","+79 13 52","5.08",,,,,"1.1",
"HD 34445 b","0.79",,"1049","2.07","0.27",,"0.044516","46.5","G0","1.07","0.14","05 17 41","+07 21 12","7.31",,,,,"1.38",
"HD 3651 b","0.2",,"62.23","0.284","0.63","83","0.025818","11","K0 V","0.79","0.05","00 39 21","+21 15 01","5.8",,,,,"0.947",
"HD 37124 b","0.64",,"154.46","0.529","0.055",,"0.01603","33","G4 V","0.91","-0.32","05 37 02","+20 43 50","7.68",,,,,"0.82",
"HD 37124 c","0.683",,"2295","3.19","0.2",,"0.096667","33","G4 V","0.91","-0.32","05 37 02","+20 43 50","7.68",,,,,"0.82",
"HD 37124 d","0.624",,"843.6","1.64","0.14",,"0.049697","33","G4 V","0.91","-0.32","05 37 02","+20 43 50","7.68",,,,,"0.82",
"HD 37605 b","2.3",,"55","0.25","0.677",,"0.005828","42.9","K0V","0.8","0.39","05 40 01","+06 03 38","8.69",,,,,,
"HD 38529 b","0.78",,"14.3104","0.131","0.248",,"0.003087","42.43","G4 IV","1.39","0.313","05 46 34","+01 10 05","5.94",,,,,"2.44",
"HD 38529 c","17.7",,"2134.76","3.695","0.36","48.3","0.087085","42.43","G4 IV","1.39","0.313","05 46 34","+01 10 05","5.94",,,,,"2.44",
"HD 38801 b","10.7",,"696.3","1.7","0.0",,"0.017103","99.4","K0IV","1.36","0.26","05 47 59","-08 19 40","8.26",,,,,"2.53",
"HD 39091 b","10.35",,"2063.818","3.29","0.62",,"0.16","20.55","G1 IV","1.1","0.09","05 37 09","-80 28 08","5.67",,,,,"2.1",
"HD 40307 b","0.0132",,"4.3115","0.047","0.0",,"0.003672","12.8","K2.5V",,"-0.31","05 54 04","-60 01 24","7.17",,"4.97","5.41","4.79",,
"HD 40307 c","0.0216",,"9.62","0.081","0.0",,"0.006328","12.8","K2.5V",,"-0.31","05 54 04","-60 01 24","7.17",,"4.97","5.41","4.79",,
"HD 40307 d","0.0288",,"20.46","0.134","0.0",,"0.010469","12.8","K2.5V",,"-0.31","05 54 04","-60 01 24","7.17",,"4.97","5.41","4.79",,
"HD 40979 b","3.32",,"267.2","0.811","0.23",,"0.024","33.3","F8 V","1.08","0.194","06 04 29","+44 15 37","6.74",,,,,"1.21",
"HD 41004 A b","2.54",,"963","1.64","0.39",,"0.038588","42.5","K1 V","0.7","-0.09","05 59 49","-48 14 22","8.65",,,,,,
"HD 41004 B b","18.4",,"1.3283","0.0177","0.081",,"0.000411","43.03","M2","0.4","-0.01","05 59 50","-48 14 23","12.33",,,,,,
"HD 4113 b","1.56",,"526.62","1.28","0.903",,"0.029091","44","G5V","0.99","0.2","00 43 13","-37 58 57","7.88",,,,,,
"HD 4203 b","2.07",,"431.88","1.164","0.519",,"0.015019","77.5","G5","1.06","0.22","00 44 41","+20 26 56","8.68",,,,,"1.33",
"HD 4208 b","0.8",,"829","1.7","0.04",,"0.050147","33.9","G5 V","0.93","-0.24","00 44 26","-26 30 56","7.79",,,,,"0.85",
"HD 4308 b","0.0405",,"15.609","0.118","0.27",,"0.005388","21.9","G5 V","0.83","-0.31","00 44 39","-65 38 58","6.54",,,,,"0.92",
"HD 4313 b","2.3",,"356","1.19","0.041",,"0.008686","137","G5 D","1.72","0.14","00 45 40","+07 50 42","7.83",,,,,"4.9",
"HD 43197 b","0.6",,"327.8","0.92","0.83",,"0.016758","54.9","K0","0.96","0.4","06 13 36","-29 53 50","8.95",,,,,,
"HD 43691 b","2.49",,"36.96","0.24","0.14",,"0.002575","93.2","G0IV","1.38","0.28","06 19 35","+41 05 32","8.03",,,,,,
"HD 44219 b","0.58",,"472.3","1.19","0.61",,"0.023597","50.43","G5","1","0.03","06 20 14","-10 43 30","7.7",,,,,,
"HD 45350 b","1.79",,"890.76","1.92","0.778",,"0.039184","49","G5 IV","1.02","0.29","06 28 45","+38 57 46","7.88",,,,,"1.27",
"HD 45364 b","0.1872",,"226.93","0.6813","0.1684",,"0.020899","32.6","K0V","0.82","-0.17","06 25 38","-31 28 51","8.08",,,,,,
"HD 45364 c","0.6579",,"342.85","0.8972","0.0974",,"0.027521","32.6","K0V","0.82","-0.17","06 25 38","-31 28 51","8.08",,,,,,
"HD 45652 b","0.47",,"43.6","0.23","0.38",,"0.006389","36","G8-K0",,"0.29","06 29 13","+10 56 02","8.1",,,,,,
"HD 46375 b","0.249",,"3.024","0.041","0.04",,"0.001","33.4","K1 IV","0.91","0.24","06 33 12","+05 27 46","7.94",,,,,"1",
"HD 47186 b","0.07167",,"4.0845","0.05","0.038",,"0.001321","37.84","G5V","0.99","0.23","06 36 09","-27 37 20","7.8",,"6.1","6.42","6.01",,
"HD 47186 c","0.35061",,"1353.6","2.395","0.249",,"0.063293","37.84","G5V","0.99","0.23","06 36 09","-27 37 20","7.8",,"6.1","6.42","6.01",,
"HD 47536 b","5",,"430",,"0.2",,,"121.36","K1 III","0.94","-0.68","06 37 47","-32 20 23","5.25",,,,,"23.47",
"HD 47536 c","7",,"2500",,,,,"121.36","K1 III","0.94","-0.68","06 37 47","-32 20 23","5.25",,,,,"23.47",
"HD 48265 b","1.16",,"700","1.51","0.18",,"0.017277","87.4","G5V","0.93","0.17","06 40 02","-48 32 31","8.07",,,,,,
"HD 49674 b","0.115",,"4.9437","0.058","0.23",,"0.001425","40.7","G5 V","1.07","0.25","06 51 30","+40 52 03","8.1",,,,,"0.94",
"HD 50499 b","1.71",,"2582.7","3.86","0.23",,"0.081676","47.26","G IV","1.27","0.23","06 52 02","-33 54 56","7.22",,,,,"1.38",
"HD 50554 b","4.9",,"1279","2.38","0.42",,"0.077","31.03","F8","1.04","-0.07","06 54 42","+24 14 44","6.86",,,,,"1.11",
"HD 52265 b","1.13",,"118.96","0.49","0.29",,"0.017","28","G0 V","1.2","0.11","07 00 18","-05 22 01","6.3",,,,,"1.25",
"HD 5319 b","1.94",,"675","1.75","0.12",,"0.0175","100","G5IV","1.56","0.15","00 55 01","+00 47 22","8.05",,,,,"3.26",
"HD 5388 b","1.96",,"777","1.76","0.4",,"0.033208","53","F6V","1.21","-0.27","00 55 11","-47 24 21","6.8",,,,,,
"HD 59686 b","5.25",,"303","0.911","0.0",,"0.009902","92","K2 III",,,"07 31 48","+17 05 09","5.45",,,,,"11.62",
"HD 60532 b","3.15",,"201.83","0.77","0.278","20","0.029961","25.7","F6IV-V","1.44","-0.26","07 34 03","-22 17 46","4.45",,,,,,
"HD 60532 c","7.46",,"607.06","1.58","0.038","20","0.061479","25.7","F6IV-V","1.44","-0.26","07 34 03","-22 17 46","4.45",,,,,,
"HD 62509 b","2.9",,"589.64","1.69","0.02",,"0.163443","10.34"," K0IIIb","1.86","0.19","07 45 18","+28 01 34","1.15",,,,,"8.8",
"HD 63454 b","0.38",,"2.81782","0.036","0.0",,"0.001006","35.8","K4 V","0.8","0.11","07 39 21","-78 16 44","9.37",,,,,,
"HD 63765 b","0.69",,"356",,,,,"32.6","G9V","0.86","-0.16","07 47 50","-54 15 51","8.1",,,,,,
"HD 6434 b","0.48",,"22.09","0.15","0.3",,"0.004","40.32","G3 IV","1","-0.52","01 04 40","-39 29 17","7.72",,,,,"0.57",
"HD 65216 b","1.21",,"613.1","1.37","0.41",,"0.04","34.3","G5 V","0.92","-0.12","07 53 41","-63 38 50","7.98",,,,,,
"HD 66428 b","2.82",,"1973","3.18","0.465",,"0.057818","55","G5","1.14552","0.31","08 03 28","-01 09 45","8.25",,,,,,
"HD 6718 b","1.56",,"2496","3.56","0.1",,"0.063685","55.9","G5V","0.96","-0.06","01 07 49","-08 14 01","8.45",,,,,"1.02",
"HD 68988 b","1.9",,"6.276","0.071","0.14",,"0.001","58","G0","1.18","0.24","08 18 22","+61 27 38","8.21",,,,,"1.14",
"HD 69830 b","0.033",,"8.667","0.0785","0.1","13","0.00623","12.6","K0V","0.86","-0.05","08 18 23","-12 37 55","5.95",,,,,"0.895",
"HD 69830 c","0.038",,"31.56","0.186","0.13","13","0.014762","12.6","K0V","0.86","-0.05","08 18 23","-12 37 55","5.95",,,,,"0.895",
"HD 69830 d","0.058",,"197","0.63","0.07","13","0.05","12.6","K0V","0.86","-0.05","08 18 23","-12 37 55","5.95",,,,,"0.895",
"HD 70573 b","6.1",,"851.8","1.76","0.4",,"0.038512","45.7","G1-1.5V","1","-0.18","08 22 50","+01 51 34","8.7",,,,,,
"HD 70642 b","2",,"2231","3.3","0.1",,"0.114","29","G5 IV-V","1","0.16","08 21 28","-39 42 19","7.18",,,,,"0.84",
"HD 72659 b","2.96",,"3177.4","4.16","0.2",,"0.080934","51.4","GO V","0.95","-0.14","08 34 03","-01 34 05","7.48",,,,,"1.43",
"HD 73256 b","1.87",,"2.54858","0.037","0.03",,"0.001014","36.5","G8/K0","1.24","0.29","08 36 23","-30 02 15","8.08",,,,,"0.9",
"HD 73267 b","3.06",,"1260","2.198","0.256",,"0.040029","54.91","G5V","0.89","0.03","08 36 18","-34 27 36","8.9",,,,,"1.04",
"HD 73526 b","2.9",,"188.3","0.66","0.19",,"0.006667","99","G6 V","1.02","0.28","08 37 16","-41 19 08","9",,,,,"1.49",
"HD 73526 c","2.5",,"377.8","1.05","0.14",,"0.010606","99","G6 V","1.02","0.28","08 37 16","-41 19 08","9",,,,,"1.49",
"HD 73534 b","1.15",,"1800","3.15","0.046",,"0.032478","96.99","G5IV","1.29","0.16","08 39 16","+12 57 37","8.24",,,,,"2.65",
"HD 74156 b","1.88",,"51.65","0.294","0.64",,"0.004554","64.56","G1V","1.24","0.13","08 42 25","+04 34 41","7.62",,,,,"1.64",
"HD 74156 c","8.03",,"2476","3.85","0.43",,"0.059634","64.56","G1V","1.24","0.13","08 42 25","+04 34 41","7.62",,,,,"1.64",
"HD 74156 d","0.396",,"336.6","1.01","0.25",,"0.015644","64.56","G1V","1.24","0.13","08 42 25","+04 34 41","7.62",,,,,"1.64",
"HD 75289 b","0.42",,"3.51","0.046","0.054",,"0.002","28.94","G0 V","1.05","0.29","08 47 40","-41 44 12","6.35",,,,,"1.25",
"HD 75898 b","2.51",,"418.2","1.19","0.1",,"0.014768","80.58","G0","1.28","0.27","08 53 51","+33 03 25","8.04",,,,,"1.6",
"HD 76700 b","0.197",,"3.971","0.049","0.13",,"0.000821","59.7","G6 V","1","0.14","08 53 55","-66 48 03","8.13",,,,,"1.33",
"HD 7924 b","0.029",,"5.3978","0.057","0.17",,"0.003393","16.8","KOV","0.832","-0.15","01 21 59","+76 42 37","7.185",,,,,"0.78",
"HD 80606 b","3.94","0.921","111.43637","0.449","0.93366","89.285","0.007691","58.38","G5","0.9","0.43","09 22 37","+50 36 13","8.93",,,,,,
"HD 81040 b","6.86",,"1001.7","1.94","0.526",,"0.059582","32.56","G2/G3","0.96","-0.16","09 23 47","+20 21 52","7.72",,,,,,
"HD 81688 b","2.7",,"184.02","0.81","0.0",,"0.009177","88.26","K0III-IV","2.1","-0.359","09 28 40","+45 36 05","5.41",,,,,"13",
"HD 82943 b","1.75",,"441.2","1.19","0.219",,"0.043336","27.46","G0","1.18","0.27","09 34 50","-12 07 46","6.54",,,,,"1.12",
"HD 82943 c","2.01",,"219","0.746","0.359",,"0.027167","27.46","G0","1.18","0.27","09 34 50","-12 07 46","6.54",,,,,"1.12",
"HD 83443 b","0.4",,"2.985625","0.0406","0.008",,"0.000932","43.54","K0 V","0.79","0.33","09 37 11","-43 16 19","8.23",,,,,"1.04",
"HD 8535 b","0.68",,"1313","2.45","0.15",,"0.046667","52.5","G0V","1.13","0.02","01 23 37","-41 16 11","7.7",,,,,"1.19",
"HD 85390 b","0.132",,"788","1.52","0.41",,"0.044759","33.96","K1V","0.76","-0.07","09 50 02","-49 47 25","8.54",,,,,,
"HD 8574 b","2.11",,"227.55","0.77","0.288",,"0.017441","44.15","F8","1.04","-0.09","01 25 12","+28 34 00","7.12",,,,,"1.37",
"HD 86081 b","1.5",,"2.1375","0.039","0.008",,"0.000429","91","F8V","1.21","0.257","09 56 06","-03 48 30","8.73",,,,,"1.22",
"HD 86226 b","1.5",,"1534","2.6","0.73",,"0.061205","42.48","G2V","1.02","-0.04","09 56 30","-24 05 58","7.93",,,,,,
"HD 86264 b","7",,"1475","2.86","0.7",,"0.039394","72.6","F7V","1.42","0.202","09 56 58","-15 53 42","7.42",,,,,"1.88",
"HD 8673 b","14.2",,"1634","3.02","0.723",,"0.078954","38.25","F7 V","1.3",,"01 26 08","+34 34 46","7.57",,,,,,
"HD 87883 b","1.78",,"2754","3.6","0.53",,"0.198895","18.1","K0V","0.82","0.093","10 08 43","+34 14 32","7.57",,,,,"0.76",
"HD 88133 b","0.22",,"3.416","0.047","0.133",,"0.000631","74.5","G5 IV","1.2","0.34","10 10 07","+18 11 12","8.01",,,,,"1.93",
"HD 89307 b","1.78",,"2157","3.27","0.241",,"0.105825","30.9","G0V","1.028","-0.14","10 18 21","+12 37 15","7.06",,,,,"1.05",
"HD 89744 b","7.99",,"256.605","0.89","0.67","54","0.02225","40","F7 V","1.4","0.18","10 22 10","+41 13 46","5.74",,,,,"1.1",
"HD 90156 b","0.057",,"49.77","0.25","0.31",,"0.006313","39.6","G5V","0.84","-0.24","10 23 55","-29 38 44","6.95",,,,,,
"HD 92788 b","3.86",,"325.81","0.97","0.334","8","0.029555","32.82","G5","1.06","0.24","10 42 48","-02 11 01","7.31",,,,,"0.99",
"HD 93083 b","0.37",,"143.58","0.477","0.14",,"0.017","28.9","K3 V","0.7","0.15","10 44 20","-33 34 37","8.3",,,,,,
"HD 9446 b","0.7",,"30.052","0.189","0.2",,"0.003566","53","G5V","1","0.09","01 33 20","+29 15 55","8.35",,,,,"1",
"HD 9446 c","1.82",,"192.9","0.654","0.06",,"0.01234","53","G5V","1","0.09","01 33 20","+29 15 55","8.35",,,,,"1",
"HD 95089 b","1.2",,"507","1.51","0.157",,"0.010863","139","K0 D","1.58","0.05","10 58 48","+01 43 45","7.92",,,,,"4.9",
"HD 9578 b","0.62",,"494",,,,,"57.24","G1V","1.12","0.11","01 33 17","-38 14 42","8.21",,,,,,
"HD 96167 b","0.68",,"498.9","1.3","0.71",,"0.015476","84","G5D","1.31","0.34","11 05 15","-10 17 29","8.09",,,,,"1.86",
"HD 97658 b","0.026",,"9.494","0.0831","0.0",,"0.003938","21.1","K1V","0.85","-0.23","11 14 33","+25 42 37","6.27",,,,,"0.73",
"HD 99109 b","0.502",,"439.3","1.105","0.09",,"0.018264","60.5","K0","0.93","0.315","11 24 17","-01 31 44","9.1",,,,,,
"HD 99492 b","0.109",,"17.0431","0.1232","0.254",,"0.006844","18","K2V","0.83","0.36","11 26 46","+03 00 22","7.38",,,,,"0.96",
"HD 99492 c","0.36",,"4970","5.4","0.106",,"0.3","18","K2V","0.83","0.36","11 26 46","+03 00 22","7.38",,,,,"0.96",
"HIP 12961 b","0.47",,"57",,,,,"23.8","M0",,,"02 46 43","-23 05 12","9.7",,,,,,
"HIP 13044 b","1.25",,"16.2","0.116","0.25",,"0.000165","701","F2","0.8","-2.09","02 47 37","-36 06 27","9.94",,,,,"6.7",
"HIP 14810 b","3.88",,"6.673855","0.0692","0.1427",,"0.001308","52.9","G5","0.99","0.26","03 11 14","+21 05 50","8.52",,,,,"1",
"HIP 14810 c","1.28",,"147.73","0.545","0.164",,"0.010302","52.9","G5","0.99","0.26","03 11 14","+21 05 50","8.52",,,,,"1",
"HIP 14810 d","0.57",,"962","1.89","0.173",,"0.035728","52.9","G5","0.99","0.26","03 11 14","+21 05 50","8.52",,,,,"1",
"HIP 5158 b","1.3",,"344",,,,,"44.8","K5","0.78","0.1","01 06 02","-22 27 11","10.21",,,,,,
"HIP 57050 b","0.298",,"41.397","0.163506","0.314",,"0.014864","11","M4V","0.34","0.32","11 41 45","+42 45 07","11.9",,,,,"0.4",
"HIP 70849 b","5",,"3000",,,,,"24","K7V","0.63",,"14 29 19","-46 27 50","10.4",,,,,,
"HIP 75458 b","8.82",,"510.702","1.275","0.713",,"0.040476","31.5","K2 III","1.05","0.03","15 24 55","+58 57 57","3.31",,,,,"13.5",
"HIP 79431 b","2.1",,"111.7","0.36","0.29",,"0.025","14.4","M3V","0.49","0.4","16 12 42","-18 52 32","11.34",,,,,,
"HR 810 b","1.94",,"311.288","0.91","0.24",,"0.05871","15.5","G0V pecul.","1.11","0.25","02 42 31","-50 48 12","5.4",,,,,"1.85",
"HR 8799 b","7","1.1","170000","68","0.4",,"1.725888","39.4","A5V","1.5","-0.47","23 07 29","+21 08 03","5.96",,,,,,
"HR 8799 c","10","1.3","69000","38","0.4",,"0.964467","39.4","A5V","1.5","-0.47","23 07 29","+21 08 03","5.96",,,,,,
"HR 8799 d","10","1.2","36500","24","0.4",,"0.609137","39.4","A5V","1.5","-0.47","23 07 29","+21 08 03","5.96",,,,,,
"HR 8799 e","9",,"18000","14.5",,,"0.36802","39.4","A5V","1.5","-0.47","23 07 29","+21 08 03","5.96",,,,,,
"HW Vir b","19.2",,"5767","5.3",,,"0.029282","181","sdB+M",,,"12 44 20","-08 40 17","10.9",,,,,,
"HW Vir c","8.5",,"3321","3.62",,,"0.02","181","sdB+M",,,"12 44 20","-08 40 17","10.9",,,,,,
"kappa CrB b","1.8",,"1191","2.7","0.19",,"0.086817","31.1","K1IVa","1.8","0.14","15 51 14","+35 39 27","4.79",,"2.04","3.04","2.42","4.71",
"Kepler-4 b","0.077","0.357","3.21346","0.0456","0.0","89.76","8.3e-05","550","G0","1.223","0.17","19 02 28","+50 08 09","12.7",,,,,"1.487",
"Kepler-5 b","2.114","1.431","3.54846","0.05064","0.0","86.3",,,,"1.374","0.04","19 57 38","+44 02 06",,,,,,"1.793",
"Kepler-6 b","0.669","1.323","3.23423","0.04567","0.0","86.8",,,,"1.209","0.34","19 47 21","+48 14 24",,,,,,"1.391",
"Kepler-7 b","0.433","1.478","4.885525","0.06224","0.0","86.5",,,,"1.347","0.11","19 14 20","+41 05 23",,,,,,"1.843",
"Kepler-8 b","0.603","1.419","3.52254","0.0483","0.0","84.07","3.6e-05","1330",,"1.213","-0.055","18 45 09","+42 27 04","13.9",,,,,"1.486",
"Kepler-9 b","0.252","0.842","19.243158","0.14",,"88.55",,,,"1","0.17","19 02 18","+38 24 03","13.9",,,,,"1.1",
"Kepler-9 c","0.171","0.823","38.90861","0.225",,"88.12",,,,"1","0.17","19 02 18","+38 24 03","13.9",,,,,"1.1",
"Kepler-9 d","0.022","0.147","1.592851","0.0273",,,,,,"1","0.17","19 02 18","+38 24 03","13.9",,,,,"1.1",
"ksi Aql b","2.8",,"136.75","0.68","0.0",,"0.010845","62.7","G9IIIb","2.2","-0.205","19 54 15","+08 27 41","4.72",,"2.37","2.85","2.17","12",
"Lupus-TR-3 b","0.81","0.89","3.91405","0.0464","0.0","88.3",,,"K1V","0.87",,"15 30 19","-42 58 46","17.4",,,,,"0.82",
"MOA-2007-BLG-192-L b","0.01",,,"0.66",,,"0.000943","700","M","0.06",,"18 08 04","-27 09 00",,"19.81",,"19.6",,,
"MOA-2007-BLG-400-L b","0.9",,,"0.85",,,"0.000142","6000",,"0.35",,"18 09 42","-29 13 27",,,,,,,
"MOA-2008-BLG-310-L b","0.23",,,"1.25",,,"0.000208","6000",,"0.67",,"17 54 14","-34 46 41",,,"23.38",,,,
"MOA-2009-BLG-319 b","0.157",,,"2",,,"0.000328","6100","K","0.38",,"18 06 58","-26 49 11",,,,,,,
"mu Ara b","1.676",,"643.25","1.5","0.128",,"0.098039","15.3","G3 IV-V","1.08","0.28","17 44 08","-51 50 02","5.15",,,,,"1.245",
"mu Ara c","0.03321",,"9.6386","0.09094","0.172",,"0.005944","15.3","G3 IV-V","1.08","0.28","17 44 08","-51 50 02","5.15",,,,,"1.245",
"mu Ara d","0.5219",,"310.55","0.921","0.0666",,"0.060196","15.3","G3 IV-V","1.08","0.28","17 44 08","-51 50 02","5.15",,,,,"1.245",
"mu Ara e","1.814",,"4205.8","5.235","0.0985",,"0.342157","15.3","G3 IV-V","1.08","0.28","17 44 08","-51 50 02","5.15",,,,,"1.245",
"NGC 2423 3 b","10.6",,"714.3","2.1","0.21",,"0.002742","766",,"2.4","0.14","07 37 09","-13 54 24","9.45",,,,,,
"NGC 4349 No 127 b","19.8",,"677.8","2.38","0.19",,"0.001094","2176",,"3.9",,"12 24 08","-61 52 18","7.4",,,,,,
"NN Ser (ab) c","6.91",,"5660","5.38","0.0",,"0.01076","500","WD+M","0.646",,"15 52 56","+12 54 47","16.6",,,,,,
"NN Ser (ab) d","2.28",,"2830","3.39","0.2",,"0.00678","500","WD+M","0.646",,"15 52 56","+12 54 47","16.6",,,,,,
"OGLE-05-071L b","3.5",,"3600","3.6",,,"0.001091","3300",,"0.46",,"17 50 09","-34 40 23",,"19.5",,,,,
"OGLE-05-169L b","0.04",,"3300","2.8",,,"0.001037","2700",,"0.49",,"18 06 05","-30 43 57",,"20.4",,,,,
"OGLE-05-390L b","0.017",,"3500","2.1",,,"0.000323","6500","M","0.22",,"17 54 19","-30 22 38",,"15.7",,,,,
"OGLE-06-109L b","0.727",,"1790","2.3",,"64","0.001523","1510",,"0.51",,"17 52 35","-30 05 16",,,"17.17",,,,
"OGLE-06-109L c","0.271",,"4931","4.5","0.15","64","0.00298","1510",,"0.51",,"17 52 35","-30 05 16",,,"17.17",,,,
"OGLE-2007-BLG-368L b","0.0694",,,"3.3",,,,,,,,"17 56 26","-32 14 15",,,,,,,
"OGLE-TR-10 b","0.68","1.72","3.10129","0.04162","0.0","84.5","2.8e-05","1500","G or K","1.18","0.12","17 51 28","-29 52 34",,"14.93",,,,"1.16",
"OGLE-TR-111 b","0.54","1.077","4.01451","0.047","0.0","88.1","3.1e-05","1500","G or K","0.82","0.12","10 53 18","-61 24 20",,"15.55",,,,"0.831",
"OGLE-TR-113 b","1.24","1.11","1.4324772","0.0229","0.0","89.4","1.5e-05","1500","K","0.78","0.14","10 52 24","-61 26 48",,"14.42",,,,"0.77",
"OGLE-TR-132 b","1.17","1.25","1.689868","0.0306","0.0","85","2e-05","1500","F","1.26","0.37","10 50 34","-61 57 25",,"15.72",,,,"1.34",
"OGLE-TR-182 b","1.06","1.47","3.9791","0.051","0.0","85.7",,,,"1.14","0.37","11 09 19","-61 05 43","16.84","15.86","14.9","15.45","14.74","1.14",
"OGLE-TR-211 b","0.75","1.26","3.67724","0.051","0.0","87.2",,,,"1.33","0.11","10 40 15","-62 27 20",,"14.3",,,,"1.64",
"OGLE-TR-56 b","1.3","1.2","1.211909","0.0225","0.0","78.8","1.5e-05","1500","G","1.17",,"17 56 35","-29 32 21","16.6",,,,,"1.32",
"OGLE2-TR-L9 b","4.34","1.614","2.4855335",,,,,"900","F3","1.52","-0.05","11 07 55","-61 08 46",,"13.97","13.25","13.51","13.12","1.53",
"OGLE235-MOA53 b","2.6",,,"5.1",,,"0.000981","5200",,"0.63",,"18 05 16","-28 53 42",,"19.7",,,,,
"PSR 1257+12 b","7e-05",,"25.262","0.19","0.0",,"0.000633","300",,,,"13 00 04","+12 40 56",,,,,,,
"PSR 1257+12 c","0.013",,"66.5419","0.36","0.0186","53","0.0012","300",,,,"13 00 04","+12 40 56",,,,,,,
"PSR 1257+12 d","0.012",,"98.2114","0.46","0.0252","47","0.001533","300",,,,"13 00 04","+12 40 56",,,,,,,
"PSR B1620-26 b","2.5",,"36525","23",,"55","0.006053","3800",,"1.35",,"16 23 38","-26 31 53","24",,,,,,
"rho CrB b","1.04",,"39.845","0.22","0.04",,"0.012622","17.43","G0V or G2V","0.99","-0.24","16 01 03","+33 18 51","5.4",,,,,"1.284",
"SWEEPS-04 ","3.8","0.81","4.2","0.055",,"87","6e-06","8500",,"1.24",,"17 58 54","-29 11 21","18.8",,,,,"1.18",
"SWEEPS-11 ","9.7","1.13","1.796","0.03",,"84","4e-06","8500",,"1.1",,"17 59 03","-29 11 54","19.83",,,,,"1.45",
"tau Boo b","3.9",,"3.3135","0.046","0.018",,"0.003067","15","F7 V","1.3","0.28","13 47 17","+17 27 22","4.5",,,,,"1.331",
"TrES-1 ","0.761","1.099","3.0300722","0.0393","0.0","88.4","0.00025","157","K0V","0.87","0.001","19 04 09","+36 37 57","11.79",,,,,"0.82",
"TrES-2 ","1.253","1.169","2.470614","0.03556","0.0","83.62","0.000162","220","G0V","0.98","-0.15","19 07 14","+49 18 59","11.41",,,,,"1",
"TrES-3 ","1.91","1.305","1.30618608","0.0226","0.0","82.15",,,"G","0.924","-0.19","17 52 07","+37 32 46","12.4",,,,,"0.813",
"TrES-4 ","0.877","1.81","3.553945","0.05091","0.0","82.86","0.000116","440","F","1.384","0.14","17 53 13","+37 12 42","11.592",,,,,"1.81",
"ups And b","0.69",,"4.617136","0.059","0.013","30","0.00438","13.47","F8 V","1.27","0.09","01 36 48","+41 24 38","4.09",,,,,"1.631",
"ups And c","14.57",,"237.7","0.861","0.24","16.7","0.06392","13.47","F8 V","1.27","0.09","01 36 48","+41 24 38","4.09",,,,,"1.631",
"ups And d","10.19",,"1302.61","2.55","0.274","13.5","0.18931","13.47","F8 V","1.27","0.09","01 36 48","+41 24 38","4.09",,,,,"1.631",
"ups And e","1.059",,"3848.86","5.2456","0.00536",,"0.389428","13.47","F8 V","1.27","0.09","01 36 48","+41 24 38","4.09",,,,,"1.631",
"UScoCTIO 108 b","14",,,"670",,,"4.62069","145","M7","0.057",,"16 05 54","-18 18 43",,"15.65","15.07","14.42",,,
"V391 Peg b","3.2",,"1170","1.7","0.0",,"0.001214","1400","sdB","0.5",,"22 04 12","+26 25 08","14.57",,"15.16","15.17","15.38","0.23",
"WASP-1 b","0.86","1.484","2.5199449","0.0382","0.0","88.65",,,"F7V","1.24",,"00 20 40","+31 59 24","11.79",,,,,"1.382",
"WASP-10 b","3.06","1.08","3.0927616","0.0371","0.057","86.8","0.000412","90","K5","0.71","0.03","23 15 58","+31 27 46","12.7",,,,,"0.783",
"WASP-11/HAT-P-10 b","0.46","1.045","3.722469","0.0439","0.0","88.5","0.000351","125","K3V","0.82","0.13","03 09 29","+30 40 25","11.89",,,,,"0.81",
"WASP-12 b","1.41","1.79","1.091435","0.0229","0.017","83.1","8.6e-05","267","G0","1.35","0.3","06 30 33","+29 40 20","11.69","11.03","10.23","10.48","10.19","1.57",
"WASP-13 b","0.46","1.21","4.35298","0.0527","0.0","86.9","0.000338","156","G1V",,,"09 20 25","+33 52 57","10.42",,,,,,
"WASP-14 b","7.725","1.259","2.2437704","0.037","0.0903","84.79","0.000231","160","F5V","1.319",,"14 33 06","+21 53 41","9.75",,,,,"1.297",
"WASP-15 b","0.542","1.428","3.7520656","0.0499","0.0","85.5","0.000162","308","F7","1.18","-0.17","13 55 43","-32 09 35","10.9",,,,,"1.477",
"WASP-16 b","0.855","1.008","3.1186009","0.0421","0.0","85.22",,,"G3V","1.022","0.01","14 18 44","-20 16 32","11.3",,,,,"0.946",
"WASP-17 b","0.49","1.74","3.7354417","0.051","0.129","87.8",,,"F4","1.2","-0.19","15 59 51","-28 03 42","11.6",,,,,"1.38",
"WASP-18 b","10.43","1.165","0.9414518","0.02047","0.0088","86","0.000205","100","F6","1.24",,"01 37 25","-45 40 40","9.3",,,,,"1.23",
"WASP-19 b","1.15","1.31","0.7888399","0.0164","0.02","80.8",,,"G8V","0.95","0.02","09 53 40","-45 39 33","12.3",,,,,"0.93",
"WASP-2 b","0.847","1.079","2.1522254","0.03138","0.0","84.73","0.000218","144","K1V","0.84","-0.08","20 30 54","+06 25 46","11.98",,,,,"0.834",
"WASP-21 b","0.3","1.07","4.322482","0.052","0.0","88.75","0.000226","230","G3V","1.01","-0.4","23 09 58","+18 23 46","11.6",,,,,"1.06",
"WASP-22 b","0.56","1.12","3.53269","0.0468","0.023","89.2","0.000156","300",,"1.1","-0.05","03 31 16","-23 49 11","12",,,,,"1.13",
"WASP-24 b","1.032","1.104","2.3412083","0.0359","0.0","83.64","0.000109","330","F8-9","1.129","0.07","15 08 52","+02 20 36","11.3",,,,,"1.147",
"WASP-25 b","0.58","1.26","3.76483","0.0474","0.0","87.7","0.00028","169","G4","1","-0.05","13 01 26","-27 31 20","11.9",,,,,"0.95",
"WASP-26 b","1.02","1.32","2.7566","0.04","0.0","82.5","0.00016","250","G0","1.12","-0.02","00 18 25","-15 16 02","11.3",,,,,"1.34",
"WASP-28 b","0.91","1.12","3.408821","0.0455","0.046","89.1","0.000136","334","F8-G0","1.08","-0.29","23 34 28","-01 34 48","12",,,,,"1.05",
"WASP-29 b","0.244","0.792","3.922727","0.0457","0.03","88.8","0.000571","80","K4V","0.824","0.11","23 51 31","-39 54 24","11.3",,,,,"0.846",
"WASP-3 b","2.06","1.454","1.846837","0.0313","0.0","85.06","0.00014","223","F7V","1.24",,"18 34 32","+35 39 42","10.64",,,,,"1.31",
"WASP-31 b","0.478","1.537","3.405909","0.04657","0.0","84.54","0.000116","400","F","1.16","-0.19","11 17 45","-19 03 17","11.7",,,,,"1.24",
"WASP-32 b","3.6","1.18","2.71865","0.0394","0.018","85.3",,,"G","1.1","-0.13","00 15 51","+01 12 02","11.3",,,,,"1.11",
"WASP-33 b","4.1","1.497","1.2198669","0.02555",,"87.67","0.00022","116","A5","1.495","0.1","02 26 51","+37 33 02","8.3",,,,,"1.444",
"WASP-36 b","2.4","1.4","1.5",,,,,,,,,,,,,,,,,
"WASP-37 b","1.696","1.136","3.577471","0.04339","0.0","88.78","0.000128","338","G2","0.849","-0.4","14 47 47","+01 03 54","12.7",,,,,"0.977",
"WASP-38 b","2.712","1.079","6.871815","0.07551","0.0321","88.69","0.000686","110","F8","1.216","-0.12","16 15 50","+10 01 57","9.42",,,,,"1.365",
"WASP-4 b","1.1215","1.416","1.3382282","0.023","0.0","89.35","7.7e-05","300","G8","0.93","-0.03","23 34 15","-42 03 41","12.6",,,,,"1.15",
"WASP-5 b","1.637","1.171","1.6284246","0.02729","0.0","85.8","9.2e-05","297","G5","1","0.09","23 57 24","-41 16 38","12.26",,,,,"1.084",
"WASP-6 b","0.503","1.224","3.361006","0.0421","0.054","88.47","0.000137","307","G8",,,"23 12 38","-22 40 26","12.4",,,,,,
"WASP-7 b","0.96","0.915","4.954658","0.0618","0.0","89.6","0.000441","140","F5V","1.28",,"20 44 10","-39 13 31","9.51",,,,,"1.236",
"WASP-8 b","2.244","1.038","8.158715","0.0801","0.31","88.55","0.000921","87","G6","1.033","0.17","23 59 36","-35 01 53","9.9",,,,,"0.953",
"XO-1 b","0.9","1.184","3.9415128","0.0488","0.0","89.31","0.000244","200","G1V","1",,"16 02 12","+28 10 11","11.3",,,,,"0.928",
"XO-2 b","0.57","0.973","2.615838","0.0369","0.0","88.58","0.000248","149","K0V","0.98","0.45","07 48 07","+50 13 33","11.18",,,,,"0.964",
"XO-3 b","11.79","1.217","3.1915239","0.0454","0.26","84.2","0.000175","260","F5V","1.213","-0.177","04 21 53","+57 49 01","9.8","9.28","8.85","9.01","8.79","1.377",
"XO-4 b","1.72","1.34","4.12502","0.0555","0.0","88.7","0.000189","293","F5V","1.32","-0.04","07 21 33","+58 16 05","10.7",,"9.48","9.67","9.41","1.55",
"XO-5 b","1.077","1.089","4.1877539","0.0487","0.0","86.8","0.000191","255","G8V","0.88","0.18","07 46 52","+39 05 41","12.13",,"10.44","10.77",,"1.06",
